IDUser;LastName;FirstName;MiddleName;Login;Password;Role;IsActive
1;Иванов;Петр;Сергеевич;director;8c6976e5b5410415bde908bd4dee15dfb167a9c873fc4bb8a81f6f2ab448a918;1;True
3;Сидоров;Дмитрий;Игоревич;admin;8c6976e5b5410415bde908bd4dee15dfb167a9c873fc4bb8a81f6f2ab448a918;2;True
4;Козлова;Елена;Александровна;master;8c6976e5b5410415bde908bd4dee15dfb167a9c873fc4bb8a81f6f2ab448a918;3;True
5;Никитина;Ольга;Петровна;master2;8c6976e5b5410415bde908bd4dee15dfb167a9c873fc4bb8a81f6f2ab448a918;3;True
6;Федорова;Мария;Сергеевна;master3;8c6976e5b5410415bde908bd4dee15dfb167a9c873fc4bb8a81f6f2ab448a918;3;True
7;Григорьева;Анна;Дмитриевна;master4;8c6976e5b5410415bde908bd4dee15dfb167a9c873fc4bb8a81f6f2ab448a918;3;True
8;Васильева;Ирина;Владимировна;master5;8c6976e5b5410415bde908bd4dee15dfb167a9c873fc4bb8a81f6f2ab448a918;3;True
9;Алексеева;Светлана;Олеговна;manager;8c6976e5b5410415bde908bd4dee15dfb167a9c873fc4bb8a81f6f2ab448a918;4;True
10;Павлова;Наталья;Ивановна;manager2;8c6976e5b5410415bde908bd4dee15dfb167a9c873fc4bb8a81f6f2ab448a918;4;True
